JIT_bugzilla_1_3,10.0,0.3881834328233373,None
JIT_bugzilla_1_3,10.0,0.3887879815209915,NSVIF5
JIT_bugzilla_1_3,10.0,0.3999450242428272,SVIF4
JIT_bugzilla_1_3,10.0,0.3943825698946581,SVIF5
JIT_bugzilla_1_3,10.0,0.3352904160089047,SVIF2.5
JIT_bugzilla_1_3,10.0,0.3943825698946581,SVIF10
JIT_bugzilla_1_3,10.0,0.3943825698946581,NSVIF10
JIT_bugzilla_1_3,10.0,0.3412820181613781,NSVIF2.5
JIT_bugzilla_1_3,10.0,0.3589272775632061,NSVIF4
JIT_bugzilla_3_1,10.0,0.45282735286843584,None
JIT_bugzilla_3_1,10.0,0.42499960899550726,NSVIF5
JIT_bugzilla_3_1,10.0,0.4475320939841848,SVIF4
JIT_bugzilla_3_1,10.0,0.42529387646112016,SVIF5
JIT_bugzilla_3_1,10.0,0.39192556531659284,SVIF2.5
JIT_bugzilla_3_1,10.0,0.42529387646112016,SVIF10
JIT_bugzilla_3_1,10.0,0.42529387646112016,NSVIF10
JIT_bugzilla_3_1,10.0,0.3764776661352673,NSVIF2.5
JIT_bugzilla_3_1,10.0,0.4191687543436632,NSVIF4
JIT_bugzilla_4_5,10.0,0.35037620683836046,None
JIT_bugzilla_4_5,10.0,0.33880494897353275,NSVIF5
JIT_bugzilla_4_5,10.0,0.3564128256683122,SVIF4
JIT_bugzilla_4_5,10.0,0.35037620683836046,SVIF5
JIT_bugzilla_4_5,10.0,0.2729845196072581,SVIF2.5
JIT_bugzilla_4_5,10.0,0.35037620683836046,SVIF10
JIT_bugzilla_4_5,10.0,0.35037620683836046,NSVIF10
JIT_bugzilla_4_5,10.0,0.29796593680134004,NSVIF2.5
JIT_bugzilla_4_5,10.0,0.3210416493842642,NSVIF4
JIT_bugzilla_5_8,10.0,0.24738813627660314,None
JIT_bugzilla_5_8,10.0,0.2412829105862932,NSVIF5
JIT_bugzilla_5_8,10.0,0.24738813627660314,SVIF4
JIT_bugzilla_5_8,10.0,0.25244580911331777,SVIF5
JIT_bugzilla_5_8,10.0,0.25449573121812724,SVIF2.5
JIT_bugzilla_5_8,10.0,0.25244580911331777,SVIF10
JIT_bugzilla_5_8,10.0,0.25244580911331777,NSVIF10
JIT_bugzilla_5_8,10.0,0.28028778437353435,NSVIF2.5
JIT_bugzilla_5_8,10.0,0.23251049789300107,NSVIF4
JIT_bugzilla_5_9,10.0,0.42025980581446165,None
JIT_bugzilla_5_9,10.0,0.40900676128645186,NSVIF5
JIT_bugzilla_5_9,10.0,0.4261260880752547,SVIF4
JIT_bugzilla_5_9,10.0,0.4207144956499894,SVIF5
JIT_bugzilla_5_9,10.0,0.3642181885206098,SVIF2.5
JIT_bugzilla_5_9,10.0,0.4207144956499894,SVIF10
JIT_bugzilla_5_9,10.0,0.4207144956499894,NSVIF10
JIT_bugzilla_5_9,10.0,0.3194232002754652,NSVIF2.5
JIT_bugzilla_5_9,10.0,0.3639806669896581,NSVIF4
JIT_bugzilla_8_2,10.0,0.3587956800190787,None
JIT_bugzilla_8_2,10.0,0.3360077615643396,NSVIF5
JIT_bugzilla_8_2,10.0,0.3477616918563406,SVIF4
JIT_bugzilla_8_2,10.0,0.3531420429771315,SVIF5
JIT_bugzilla_8_2,10.0,0.3424366645186319,SVIF2.5
JIT_bugzilla_8_2,10.0,0.3531420429771315,SVIF10
JIT_bugzilla_8_2,10.0,0.3531420429771315,NSVIF10
JIT_bugzilla_8_2,10.0,0.3531420429771315,NSVIF2.5
JIT_bugzilla_8_2,10.0,0.34206589743365323,NSVIF4
JIT_bugzilla_6_7,10.0,0.2879496730806528,None
JIT_bugzilla_6_7,10.0,0.2928275493281703,NSVIF5
JIT_bugzilla_6_7,10.0,0.2938706896517229,SVIF4
JIT_bugzilla_6_7,10.0,0.2759991817433883,SVIF5
JIT_bugzilla_6_7,10.0,0.2983370509524272,SVIF2.5
JIT_bugzilla_6_7,10.0,0.2759991817433883,SVIF10
JIT_bugzilla_6_7,10.0,0.2759991817433883,NSVIF10
JIT_bugzilla_6_7,10.0,0.2885633809272854,NSVIF2.5
JIT_bugzilla_6_7,10.0,0.2540933575996734,NSVIF4
JIT_bugzilla_8_0,10.0,0.3241170172589752,None
JIT_bugzilla_8_0,10.0,0.300469619165143,NSVIF5
JIT_bugzilla_8_0,10.0,0.3241170172589752,SVIF4
JIT_bugzilla_8_0,10.0,0.31825939163710815,SVIF5
JIT_bugzilla_8_0,10.0,0.2700230731219581,SVIF2.5
JIT_bugzilla_8_0,10.0,0.31825939163710815,SVIF10
JIT_bugzilla_8_0,10.0,0.31825939163710815,NSVIF10
JIT_bugzilla_8_0,10.0,0.2643798313460006,NSVIF2.5
JIT_bugzilla_8_0,10.0,0.35845982889623834,NSVIF4
JIT_bugzilla_8_1,10.0,0.3244310714755354,None
JIT_bugzilla_8_1,10.0,0.3131316251866777,NSVIF5
JIT_bugzilla_8_1,10.0,0.31898240506237335,SVIF4
JIT_bugzilla_8_1,10.0,0.3244310714755354,SVIF5
JIT_bugzilla_8_1,10.0,0.2876736781853679,SVIF2.5
JIT_bugzilla_8_1,10.0,0.3244310714755354,SVIF10
JIT_bugzilla_8_1,10.0,0.3244310714755354,NSVIF10
JIT_bugzilla_8_1,10.0,0.2540774513802667,NSVIF2.5
JIT_bugzilla_8_1,10.0,0.27788292926403835,NSVIF4
JIT_bugzilla_9_2,10.0,0.37842729649606666,None
JIT_bugzilla_9_2,10.0,0.34425799632641396,NSVIF5
JIT_bugzilla_9_2,10.0,0.38980819813525314,SVIF4
JIT_bugzilla_9_2,10.0,0.37842729649606666,SVIF5
JIT_bugzilla_9_2,10.0,0.3269732779302694,SVIF2.5
JIT_bugzilla_9_2,10.0,0.37842729649606666,SVIF10
JIT_bugzilla_9_2,10.0,0.37842729649606666,NSVIF10
JIT_bugzilla_9_2,10.0,0.34453159334895034,NSVIF2.5
JIT_bugzilla_9_2,10.0,0.34453159334895034,NSVIF4
Relink_Apache_2_6,10.0,0.36666666666666664,NSVIF2.5
Relink_Apache_2_6,10.0,0.6445033866354896,None
Relink_Apache_2_6,10.0,0.6445033866354896,SVIF10
Relink_Apache_2_6,10.0,0.6445033866354896,NSVIF10
Relink_Apache_2_6,10.0,0.41773367652300253,NSVIF5
Relink_Apache_2_6,10.0,0.6445033866354896,SVIF2.5
Relink_Apache_2_6,10.0,0.6445033866354896,SVIF5
Relink_Apache_2_6,10.0,0.6445033866354896,SVIF4
Relink_Apache_2_6,10.0,0.5669467095138409,Default-PCA
Relink_Apache_2_6,10.0,0.41773367652300253,NSVIF4
Relink_Apache_2_6,10.0,0.6445033866354896,VCRR
Relink_Apache_0_8,10.0,0.15555555555555556,NSVIF2.5
Relink_Apache_0_8,10.0,0.6445033866354896,None
Relink_Apache_0_8,10.0,0.2584432806109095,SVIF10
Relink_Apache_0_8,10.0,0.15555555555555556,NSVIF10
Relink_Apache_0_8,10.0,0.15555555555555556,NSVIF5
Relink_Apache_0_8,10.0,0.14951420452417674,SVIF2.5
Relink_Apache_0_8,10.0,0.6445033866354896,SVIF5
Relink_Apache_0_8,10.0,0.6445033866354896,SVIF4
Relink_Apache_0_8,10.0,0.05555555555555555,Default-PCA
Relink_Apache_0_8,10.0,0.15555555555555556,NSVIF4
Relink_Apache_0_8,10.0,0.41773367652300253,VCRR
Relink_Apache_0_9,10.0,0.26666666666666666,NSVIF2.5
Relink_Apache_0_9,10.0,0.36666666666666664,None
Relink_Apache_0_9,10.0,0.47193990372426947,SVIF10
Relink_Apache_0_9,10.0,0.36666666666666664,NSVIF10
Relink_Apache_0_9,10.0,0.14951420452417674,NSVIF5
Relink_Apache_0_9,10.0,0.14951420452417674,SVIF2.5
Relink_Apache_0_9,10.0,0.47193990372426947,SVIF5
Relink_Apache_0_9,10.0,0.47193990372426947,SVIF4
Relink_Apache_0_9,10.0,-0.05555555555555555,Default-PCA
Relink_Apache_0_9,10.0,0.14951420452417674,NSVIF4
Relink_Apache_0_9,10.0,0.5777777777777777,VCRR
Relink_Apache_1_5,10.0,0.2875273163926476,NSVIF2.5
Relink_Apache_1_5,10.0,0.41773367652300253,None
Relink_Apache_1_5,10.0,0.2875273163926476,SVIF10
Relink_Apache_1_5,10.0,0.32756920994133026,NSVIF10
Relink_Apache_1_5,10.0,0.19096396641051544,NSVIF5
Relink_Apache_1_5,10.0,0.41773367652300253,SVIF2.5
Relink_Apache_1_5,10.0,0.2875273163926476,SVIF5
Relink_Apache_1_5,10.0,0.2875273163926476,SVIF4
Relink_Apache_1_5,10.0,0.41773367652300253,Default-PCA
Relink_Apache_1_5,10.0,0.19096396641051544,NSVIF4
Relink_Apache_1_5,10.0,0.2875273163926476,VCRR
Relink_Apache_1_6,10.0,0.5777777777777777,NSVIF2.5
Relink_Apache_1_6,10.0,0.5060480768510598,None
Relink_Apache_1_6,10.0,0.5955432118425306,SVIF10
Relink_Apache_1_6,10.0,0.5777777777777777,NSVIF10
Relink_Apache_1_6,10.0,0.5777777777777777,NSVIF5
Relink_Apache_1_6,10.0,0.5955432118425306,SVIF2.5
Relink_Apache_1_6,10.0,0.5955432118425306,SVIF5
Relink_Apache_1_6,10.0,0.5955432118425306,SVIF4
Relink_Apache_1_6,10.0,0.5955432118425306,Default-PCA
Relink_Apache_1_6,10.0,0.5777777777777777,NSVIF4
Relink_Apache_1_6,10.0,0.5955432118425306,VCRR
Relink_Apache_0_6,10.0,0.2584432806109095,NSVIF2.5
Relink_Apache_0_6,10.0,0.2584432806109095,None
Relink_Apache_0_6,10.0,0.2584432806109095,SVIF10
Relink_Apache_0_6,10.0,0.2584432806109095,NSVIF10
Relink_Apache_0_6,10.0,0.3905632887762015,NSVIF5
Relink_Apache_0_6,10.0,0.15555555555555556,SVIF2.5
Relink_Apache_0_6,10.0,0.2584432806109095,SVIF5
Relink_Apache_0_6,10.0,0.2584432806109095,SVIF4
Relink_Apache_0_6,10.0,0.15555555555555556,Default-PCA
Relink_Apache_0_6,10.0,0.3905632887762015,NSVIF4
Relink_Apache_0_6,10.0,0.2584432806109095,VCRR
Relink_Apache_1_7,10.0,-0.19096396641051544,NSVIF2.5
Relink_Apache_1_7,10.0,0.19096396641051544,None
Relink_Apache_1_7,10.0,0.19096396641051544,SVIF10
Relink_Apache_1_7,10.0,0.26666666666666666,NSVIF10
Relink_Apache_1_7,10.0,0.05555555555555555,NSVIF5
Relink_Apache_1_7,10.0,0.06900655593423542,SVIF2.5
Relink_Apache_1_7,10.0,0.19096396641051544,SVIF5
Relink_Apache_1_7,10.0,0.19096396641051544,SVIF4
Relink_Apache_1_7,10.0,0.2875273163926476,Default-PCA
Relink_Apache_1_7,10.0,0.05555555555555555,NSVIF4
Relink_Apache_1_7,10.0,0.19096396641051544,VCRR
Relink_Apache_2_7,10.0,0.2584432806109095,NSVIF2.5
Relink_Apache_2_7,10.0,0.41773367652300253,None
Relink_Apache_2_7,10.0,0.2875273163926476,SVIF10
Relink_Apache_2_7,10.0,0.05555555555555555,NSVIF10
Relink_Apache_2_7,10.0,0.2584432806109095,NSVIF5
Relink_Apache_2_7,10.0,0.1685499656158105,SVIF2.5
Relink_Apache_2_7,10.0,0.2875273163926476,SVIF5
Relink_Apache_2_7,10.0,0.2875273163926476,SVIF4
Relink_Apache_2_7,10.0,0.1685499656158105,Default-PCA
Relink_Apache_2_7,10.0,0.2584432806109095,NSVIF4
Relink_Apache_2_7,10.0,0.41773367652300253,VCRR
Relink_Apache_0_7,10.0,0.47193990372426947,NSVIF2.5
Relink_Apache_0_7,10.0,0.6854365268376295,None
Relink_Apache_0_7,10.0,0.6854365268376295,SVIF10
Relink_Apache_0_7,10.0,0.47193990372426947,NSVIF10
Relink_Apache_0_7,10.0,0.15118578920369088,NSVIF5
Relink_Apache_0_7,10.0,0.3680349649825889,SVIF2.5
Relink_Apache_0_7,10.0,0.6854365268376295,SVIF5
Relink_Apache_0_7,10.0,0.6854365268376295,SVIF4
Relink_Apache_0_7,10.0,0.47193990372426947,Default-PCA
Relink_Apache_0_7,10.0,0.15118578920369088,NSVIF4
Relink_Apache_0_7,10.0,0.5865557254410011,VCRR
Relink_Apache_1_4,10.0,0.3680349649825889,NSVIF2.5
Relink_Apache_1_4,10.0,0.47193990372426947,None
Relink_Apache_1_4,10.0,0.47193990372426947,SVIF10
Relink_Apache_1_4,10.0,0.26257545381445874,NSVIF10
Relink_Apache_1_4,10.0,0.3680349649825889,NSVIF5
Relink_Apache_1_4,10.0,0.47193990372426947,SVIF2.5
Relink_Apache_1_4,10.0,0.47193990372426947,SVIF5
Relink_Apache_1_4,10.0,0.47193990372426947,SVIF4
Relink_Apache_1_4,10.0,0.3680349649825889,Default-PCA
Relink_Apache_1_4,10.0,0.3680349649825889,NSVIF4
Relink_Apache_1_4,10.0,0.47193990372426947,VCRR
Relink_Apache_3_4,10.0,0.4777777777777778,NSVIF2.5
Relink_Apache_3_4,10.0,0.7888888888888889,None
Relink_Apache_3_4,10.0,0.6854365268376295,SVIF10
Relink_Apache_3_4,10.0,0.7888888888888889,NSVIF10
Relink_Apache_3_4,10.0,0.4777777777777778,NSVIF5
Relink_Apache_3_4,10.0,0.6854365268376295,SVIF2.5
Relink_Apache_3_4,10.0,0.6854365268376295,SVIF5
Relink_Apache_3_4,10.0,0.6854365268376295,SVIF4
Relink_Apache_3_4,10.0,0.4777777777777778,Default-PCA
Relink_Apache_3_4,10.0,0.4777777777777778,NSVIF4
Relink_Apache_3_4,10.0,0.7888888888888889,VCRR
Relink_Apache_2_8,10.0,0.5060480768510598,NSVIF2.5
Relink_Apache_2_8,10.0,0.41773367652300253,None
Relink_Apache_2_8,10.0,0.41773367652300253,SVIF10
Relink_Apache_2_8,10.0,0.41773367652300253,NSVIF10
Relink_Apache_2_8,10.0,0.1685499656158105,NSVIF5
Relink_Apache_2_8,10.0,0.41773367652300253,SVIF2.5
Relink_Apache_2_8,10.0,0.41773367652300253,SVIF5
Relink_Apache_2_8,10.0,0.41773367652300253,SVIF4
Relink_Apache_2_8,10.0,0.23134069792952236,Default-PCA
Relink_Apache_2_8,10.0,0.1685499656158105,NSVIF4
Relink_Apache_2_8,10.0,0.41773367652300253,VCRR
Relink_Apache_3_5,10.0,0.3820465887291705,NSVIF2.5
Relink_Apache_3_5,10.0,0.6445033866354896,None
Relink_Apache_3_5,10.0,0.6445033866354896,SVIF10
Relink_Apache_3_5,10.0,0.5955432118425306,NSVIF10
Relink_Apache_3_5,10.0,0.3820465887291705,NSVIF5
Relink_Apache_3_5,10.0,0.3820465887291705,SVIF2.5
Relink_Apache_3_5,10.0,0.5060480768510598,SVIF5
Relink_Apache_3_5,10.0,0.5060480768510598,SVIF4
Relink_Apache_3_5,10.0,0.6445033866354896,Default-PCA
Relink_Apache_3_5,10.0,0.3820465887291705,NSVIF4
Relink_Apache_3_5,10.0,0.6445033866354896,VCRR
Relink_Apache_3_9,10.0,0.36666666666666664,NSVIF2.5
Relink_Apache_3_9,10.0,0.26257545381445874,None
Relink_Apache_3_9,10.0,0.3680349649825889,SVIF10
Relink_Apache_3_9,10.0,0.3820465887291705,NSVIF10
Relink_Apache_3_9,10.0,0.36666666666666664,NSVIF5
Relink_Apache_3_9,10.0,0.3680349649825889,SVIF2.5
Relink_Apache_3_9,10.0,0.3680349649825889,SVIF5
Relink_Apache_3_9,10.0,0.3680349649825889,SVIF4
Relink_Apache_3_9,10.0,0.36666666666666664,NSVIF4
Relink_Apache_3_9,10.0,0.3680349649825889,VCRR
Relink_Apache_2_9,10.0,0.26666666666666666,NSVIF2.5
Relink_Apache_2_9,10.0,0.5955432118425306,None
Relink_Apache_2_9,10.0,0.5955432118425306,SVIF10
Relink_Apache_2_9,10.0,0.5865557254410011,NSVIF10
Relink_Apache_2_9,10.0,0.1685499656158105,NSVIF5
Relink_Apache_2_9,10.0,0.5955432118425306,SVIF2.5
Relink_Apache_2_9,10.0,0.5060480768510598,SVIF5
Relink_Apache_2_9,10.0,0.5060480768510598,SVIF4
Relink_Apache_2_9,10.0,0.05555555555555555,Default-PCA
Relink_Apache_2_9,10.0,0.1685499656158105,NSVIF4
Relink_Apache_2_9,10.0,0.41773367652300253,VCRR
Relink_Apache_3_7,10.0,0.3680349649825889,NSVIF2.5
Relink_Apache_3_7,10.0,0.3820465887291705,None
Relink_Apache_3_7,10.0,0.3820465887291705,SVIF10
Relink_Apache_3_7,10.0,0.4777777777777778,NSVIF10
Relink_Apache_3_7,10.0,0.2584432806109095,NSVIF5
Relink_Apache_3_7,10.0,0.36666666666666664,SVIF2.5
Relink_Apache_3_7,10.0,0.3820465887291705,SVIF5
Relink_Apache_3_7,10.0,0.3820465887291705,SVIF4
Relink_Apache_3_7,10.0,0.36666666666666664,Default-PCA
Relink_Apache_3_7,10.0,0.2584432806109095,NSVIF4
Relink_Apache_3_7,10.0,0.3820465887291705,VCRR
Relink_Apache_3_6,10.0,0.3905632887762015,NSVIF2.5
Relink_Apache_3_6,10.0,0.3820465887291705,None
Relink_Apache_3_6,10.0,0.4777777777777778,SVIF10
Relink_Apache_3_6,10.0,0.3680349649825889,NSVIF10
Relink_Apache_3_6,10.0,0.47193990372426947,NSVIF5
Relink_Apache_3_6,10.0,0.4777777777777778,SVIF2.5
Relink_Apache_3_6,10.0,0.4777777777777778,SVIF5
Relink_Apache_3_6,10.0,0.4777777777777778,SVIF4
Relink_Apache_3_6,10.0,0.24845199749997662,Default-PCA
Relink_Apache_3_6,10.0,0.47193990372426947,NSVIF4
Relink_Apache_3_6,10.0,0.4777777777777778,VCRR
Relink_Apache_4_4,10.0,0.05555555555555555,NSVIF2.5
Relink_Apache_4_4,10.0,0.26257545381445874,None
Relink_Apache_4_4,10.0,0.1685499656158105,SVIF10
Relink_Apache_4_4,10.0,-0.03580574370197164,NSVIF10
Relink_Apache_4_4,10.0,0.26666666666666666,NSVIF5
Relink_Apache_4_4,10.0,0.1685499656158105,SVIF2.5
Relink_Apache_4_4,10.0,0.1685499656158105,SVIF5
Relink_Apache_4_4,10.0,0.1685499656158105,SVIF4
Relink_Apache_4_4,10.0,0.26666666666666666,NSVIF4
Relink_Apache_4_4,10.0,0.1685499656158105,VCRR
Relink_Apache_4_5,10.0,0.2584432806109095,NSVIF2.5
Relink_Apache_4_5,10.0,0.5443310539518174,None
Relink_Apache_4_5,10.0,0.45643546458763845,SVIF10
Relink_Apache_4_5,10.0,0.26666666666666666,NSVIF10
Relink_Apache_4_5,10.0,0.2584432806109095,NSVIF5
Relink_Apache_4_5,10.0,0.3905632887762015,SVIF2.5
Relink_Apache_4_5,10.0,0.5443310539518174,SVIF5
Relink_Apache_4_5,10.0,0.5443310539518174,SVIF4
Relink_Apache_4_5,10.0,0.2584432806109095,NSVIF4
Relink_Apache_4_5,10.0,0.2857738033247041,VCRR
Relink_Apache_4_9,10.0,0.3905632887762015,NSVIF2.5
Relink_Apache_4_9,10.0,0.5060480768510598,None
Relink_Apache_4_9,10.0,0.5955432118425306,SVIF10
Relink_Apache_4_9,10.0,0.36666666666666664,NSVIF10
Relink_Apache_4_9,10.0,0.5865557254410011,NSVIF5
Relink_Apache_4_9,10.0,0.5060480768510598,SVIF2.5
Relink_Apache_4_9,10.0,0.5955432118425306,SVIF5
Relink_Apache_4_9,10.0,0.5955432118425306,SVIF4
Relink_Apache_4_9,10.0,0.5669467095138409,Default-PCA
Relink_Apache_4_9,10.0,0.5865557254410011,NSVIF4
Relink_Apache_4_9,10.0,0.5060480768510598,VCRR
Relink_Apache_5_9,10.0,0.36666666666666664,NSVIF2.5
Relink_Apache_5_9,10.0,0.5060480768510598,None
Relink_Apache_5_9,10.0,0.5060480768510598,SVIF10
Relink_Apache_5_9,10.0,0.2875273163926476,NSVIF10
Relink_Apache_5_9,10.0,0.36666666666666664,NSVIF5
Relink_Apache_5_9,10.0,0.5060480768510598,SVIF2.5
Relink_Apache_5_9,10.0,0.41773367652300253,SVIF5
Relink_Apache_5_9,10.0,0.41773367652300253,SVIF4
Relink_Apache_5_9,10.0,0.41773367652300253,Default-PCA
Relink_Apache_5_9,10.0,0.36666666666666664,NSVIF4
Relink_Apache_5_9,10.0,0.5060480768510598,VCRR
Relink_Apache_5_7,10.0,0.629940788348712,NSVIF2.5
Relink_Apache_5_7,10.0,0.8050764858994133,None
Relink_Apache_5_7,10.0,0.8050764858994133,SVIF10
Relink_Apache_5_7,10.0,0.5443310539518174,NSVIF10
Relink_Apache_5_7,10.0,0.7161148740394329,NSVIF5
Relink_Apache_5_7,10.0,0.5443310539518174,SVIF2.5
Relink_Apache_5_7,10.0,0.8050764858994133,SVIF5
Relink_Apache_5_7,10.0,0.8050764858994133,SVIF4
Relink_Apache_5_7,10.0,0.8050764858994133,Default-PCA
Relink_Apache_5_7,10.0,0.7161148740394329,NSVIF4
Relink_Apache_5_7,10.0,0.8050764858994133,VCRR
Relink_Apache_5_6,10.0,0.26666666666666666,NSVIF2.5
Relink_Apache_5_6,10.0,0.05555555555555555,None
Relink_Apache_5_6,10.0,0.05555555555555555,SVIF10
Relink_Apache_5_6,10.0,-0.19096396641051544,NSVIF10
Relink_Apache_5_6,10.0,0.26666666666666666,NSVIF5
Relink_Apache_5_6,10.0,-0.05555555555555555,SVIF2.5
Relink_Apache_5_6,10.0,-0.05555555555555555,SVIF5
Relink_Apache_5_6,10.0,-0.05555555555555555,SVIF4
Relink_Apache_5_6,10.0,-0.05555555555555555,Default-PCA
Relink_Apache_5_6,10.0,0.26666666666666666,NSVIF4
Relink_Apache_5_6,10.0,0.06900655593423542,VCRR
Relink_Apache_6_8,10.0,0.5443310539518174,NSVIF2.5
Relink_Apache_6_8,10.0,0.5060480768510598,None
Relink_Apache_6_8,10.0,0.5060480768510598,SVIF10
Relink_Apache_6_8,10.0,0.4777777777777778,NSVIF10
Relink_Apache_6_8,10.0,0.2584432806109095,NSVIF5
Relink_Apache_6_8,10.0,0.5060480768510598,SVIF2.5
Relink_Apache_6_8,10.0,0.5060480768510598,SVIF5
Relink_Apache_6_8,10.0,0.5060480768510598,SVIF4
Relink_Apache_6_8,10.0,0.3820465887291705,Default-PCA
Relink_Apache_6_8,10.0,0.2584432806109095,NSVIF4
Relink_Apache_6_8,10.0,0.5060480768510598,VCRR
Relink_Apache_6_6,10.0,0.3615507630310936,NSVIF2.5
Relink_Apache_6_6,10.0,0.4893451639269458,None
Relink_Apache_6_6,10.0,0.4893451639269458,SVIF10
Relink_Apache_6_6,10.0,0.2584432806109095,NSVIF10
Relink_Apache_6_6,10.0,0.4893451639269458,NSVIF5
Relink_Apache_6_6,10.0,0.4893451639269458,SVIF2.5
Relink_Apache_6_6,10.0,0.4893451639269458,SVIF5
Relink_Apache_6_6,10.0,0.4893451639269458,SVIF4
Relink_Apache_6_6,10.0,0.2584432806109095,Default-PCA
Relink_Apache_6_6,10.0,0.4893451639269458,NSVIF4
Relink_Apache_6_6,10.0,0.4893451639269458,VCRR
Relink_Apache_4_7,10.0,0.2857738033247041,NSVIF2.5
Relink_Apache_4_7,10.0,0.5955432118425306,None
Relink_Apache_4_7,10.0,0.5955432118425306,SVIF10
Relink_Apache_4_7,10.0,0.36666666666666664,NSVIF10
Relink_Apache_4_7,10.0,0.14951420452417674,NSVIF5
Relink_Apache_4_7,10.0,0.36666666666666664,SVIF2.5
Relink_Apache_4_7,10.0,0.5955432118425306,SVIF5
Relink_Apache_4_7,10.0,0.5955432118425306,SVIF4
Relink_Apache_4_7,10.0,0.4777777777777778,Default-PCA
Relink_Apache_4_7,10.0,0.14951420452417674,NSVIF4
Relink_Apache_4_7,10.0,0.5955432118425306,VCRR
Relink_Apache_4_6,10.0,0.26666666666666666,NSVIF2.5
Relink_Apache_4_6,10.0,0.2584432806109095,None
Relink_Apache_4_6,10.0,0.26666666666666666,SVIF10
Relink_Apache_4_6,10.0,0.26666666666666666,NSVIF10
Relink_Apache_4_6,10.0,0.3820465887291705,NSVIF5
Relink_Apache_4_6,10.0,0.26666666666666666,SVIF2.5
Relink_Apache_4_6,10.0,0.26666666666666666,SVIF5
Relink_Apache_4_6,10.0,0.26666666666666666,SVIF4
Relink_Apache_4_6,10.0,0.15555555555555556,Default-PCA
Relink_Apache_4_6,10.0,0.3820465887291705,NSVIF4
Relink_Apache_4_6,10.0,0.26666666666666666,VCRR
Relink_Apache_7_7,10.0,0.14951420452417674,NSVIF2.5
Relink_Apache_7_7,10.0,0.36666666666666664,None
Relink_Apache_7_7,10.0,0.5777777777777777,SVIF10
Relink_Apache_7_7,10.0,0.36666666666666664,NSVIF10
Relink_Apache_7_7,10.0,0.15555555555555556,NSVIF5
Relink_Apache_7_7,10.0,0.26666666666666666,SVIF2.5
Relink_Apache_7_7,10.0,0.47193990372426947,SVIF5
Relink_Apache_7_7,10.0,0.47193990372426947,SVIF4
Relink_Apache_7_7,10.0,0.05555555555555555,Default-PCA
Relink_Apache_7_7,10.0,0.15555555555555556,NSVIF4
Relink_Apache_7_7,10.0,0.5777777777777777,VCRR
Relink_Apache_5_8,10.0,0.15555555555555556,NSVIF2.5
Relink_Apache_5_8,10.0,0.2584432806109095,None
Relink_Apache_5_8,10.0,0.5060480768510598,SVIF10
Relink_Apache_5_8,10.0,0.15555555555555556,NSVIF10
Relink_Apache_5_8,10.0,0.14951420452417674,NSVIF5
Relink_Apache_5_8,10.0,0.41773367652300253,SVIF2.5
Relink_Apache_5_8,10.0,0.5060480768510598,SVIF5
Relink_Apache_5_8,10.0,0.5060480768510598,SVIF4
Relink_Apache_5_8,10.0,-0.044946657497549475,Default-PCA
Relink_Apache_5_8,10.0,0.14951420452417674,NSVIF4
Relink_Apache_5_8,10.0,0.5060480768510598,VCRR
Relink_Apache_7_4,10.0,0.5669467095138409,NSVIF2.5
Relink_Apache_7_4,10.0,0.5669467095138409,None
Relink_Apache_7_4,10.0,0.5669467095138409,SVIF10
Relink_Apache_7_4,10.0,0.5669467095138409,NSVIF10
Relink_Apache_7_4,10.0,0.5669467095138409,NSVIF5
Relink_Apache_7_4,10.0,0.5669467095138409,SVIF2.5
Relink_Apache_7_4,10.0,0.5669467095138409,SVIF5
Relink_Apache_7_4,10.0,0.5669467095138409,SVIF4
Relink_Apache_7_4,10.0,0.5060480768510598,Default-PCA
Relink_Apache_7_4,10.0,0.5669467095138409,NSVIF4
Relink_Apache_7_4,10.0,0.5669467095138409,VCRR
Relink_Apache_7_6,10.0,0.05555555555555555,NSVIF2.5
Relink_Apache_7_6,10.0,0.26666666666666666,None
Relink_Apache_7_6,10.0,-0.05555555555555555,SVIF10
Relink_Apache_7_6,10.0,0.03580574370197164,NSVIF10
Relink_Apache_7_6,10.0,0.05555555555555555,NSVIF5
Relink_Apache_7_6,10.0,0.1685499656158105,SVIF2.5
Relink_Apache_7_6,10.0,0.044946657497549475,SVIF5
Relink_Apache_7_6,10.0,0.044946657497549475,SVIF4
Relink_Apache_7_6,10.0,0.05555555555555555,Default-PCA
Relink_Apache_7_6,10.0,0.05555555555555555,NSVIF4
Relink_Apache_7_6,10.0,0.05555555555555555,VCRR
Relink_Apache_6_9,10.0,0.4893451639269458,NSVIF2.5
Relink_Apache_6_9,10.0,0.36666666666666664,None
Relink_Apache_6_9,10.0,0.4777777777777778,SVIF10
Relink_Apache_6_9,10.0,0.3680349649825889,NSVIF10
Relink_Apache_6_9,10.0,0.15118578920369088,NSVIF5
Relink_Apache_6_9,10.0,0.36666666666666664,SVIF2.5
Relink_Apache_6_9,10.0,0.36666666666666664,SVIF5
Relink_Apache_6_9,10.0,0.36666666666666664,SVIF4
Relink_Apache_6_9,10.0,0.36666666666666664,Default-PCA
Relink_Apache_6_9,10.0,0.15118578920369088,NSVIF4
Relink_Apache_6_9,10.0,0.4777777777777778,VCRR
Relink_Apache_7_5,10.0,0.32756920994133026,NSVIF2.5
Relink_Apache_7_5,10.0,0.41773367652300253,None
Relink_Apache_7_5,10.0,0.32756920994133026,SVIF10
Relink_Apache_7_5,10.0,0.3820465887291705,NSVIF10
Relink_Apache_7_5,10.0,0.41773367652300253,NSVIF5
Relink_Apache_7_5,10.0,0.41773367652300253,SVIF2.5
Relink_Apache_7_5,10.0,0.32756920994133026,SVIF5
Relink_Apache_7_5,10.0,0.32756920994133026,SVIF4
Relink_Apache_7_5,10.0,0.19096396641051544,Default-PCA
Relink_Apache_7_5,10.0,0.41773367652300253,NSVIF4
Relink_Apache_7_5,10.0,0.32756920994133026,VCRR
Relink_Apache_6_7,10.0,0.45643546458763845,NSVIF2.5
Relink_Apache_6_7,10.0,0.32756920994133026,None
Relink_Apache_6_7,10.0,0.5955432118425306,SVIF10
Relink_Apache_6_7,10.0,0.3680349649825889,NSVIF10
Relink_Apache_6_7,10.0,0.3680349649825889,NSVIF5
Relink_Apache_6_7,10.0,0.3820465887291705,SVIF2.5
Relink_Apache_6_7,10.0,0.5060480768510598,SVIF5
Relink_Apache_6_7,10.0,0.5060480768510598,SVIF4
Relink_Apache_6_7,10.0,0.3820465887291705,Default-PCA
Relink_Apache_6_7,10.0,0.3680349649825889,NSVIF4
Relink_Apache_6_7,10.0,0.41773367652300253,VCRR
Relink_Apache_8_6,10.0,0.7888888888888889,NSVIF2.5
Relink_Apache_8_6,10.0,0.5955432118425306,None
Relink_Apache_8_6,10.0,0.5865557254410011,SVIF10
Relink_Apache_8_6,10.0,0.47193990372426947,NSVIF10
Relink_Apache_8_6,10.0,0.5777777777777777,NSVIF5
Relink_Apache_8_6,10.0,0.5777777777777777,SVIF2.5
Relink_Apache_8_6,10.0,0.47193990372426947,SVIF5
Relink_Apache_8_6,10.0,0.47193990372426947,SVIF4
Relink_Apache_8_6,10.0,0.6854365268376295,Default-PCA
Relink_Apache_8_6,10.0,0.5777777777777777,NSVIF4
Relink_Apache_8_6,10.0,0.5865557254410011,VCRR
Relink_Apache_9_7,10.0,0.03580574370197164,NSVIF2.5
Relink_Apache_9_7,10.0,0.47193990372426947,None
Relink_Apache_9_7,10.0,0.47193990372426947,SVIF10
Relink_Apache_9_7,10.0,0.26257545381445874,NSVIF10
Relink_Apache_9_7,10.0,0.15118578920369088,NSVIF5
Relink_Apache_9_7,10.0,0.3680349649825889,SVIF2.5
Relink_Apache_9_7,10.0,0.47193990372426947,SVIF5
Relink_Apache_9_7,10.0,0.47193990372426947,SVIF4
Relink_Apache_9_7,10.0,0.3680349649825889,Default-PCA
Relink_Apache_9_7,10.0,0.15118578920369088,NSVIF4
Relink_Apache_9_7,10.0,0.47193990372426947,VCRR
Relink_Apache_8_9,10.0,0.724568837309472,NSVIF2.5
Relink_Apache_8_9,10.0,0.724568837309472,None
Relink_Apache_8_9,10.0,0.724568837309472,SVIF10
Relink_Apache_8_9,10.0,0.5955432118425306,NSVIF10
Relink_Apache_8_9,10.0,0.6888888888888889,NSVIF5
Relink_Apache_8_9,10.0,0.5955432118425306,SVIF2.5
Relink_Apache_8_9,10.0,0.5955432118425306,SVIF5
Relink_Apache_8_9,10.0,0.5955432118425306,SVIF4
Relink_Apache_8_9,10.0,0.6888888888888889,Default-PCA
Relink_Apache_8_9,10.0,0.6888888888888889,NSVIF4
Relink_Apache_8_9,10.0,0.724568837309472,VCRR
Relink_Apache_4_8,10.0,0.2875273163926476,NSVIF2.5
Relink_Apache_4_8,10.0,0.19096396641051544,None
Relink_Apache_4_8,10.0,0.19096396641051544,SVIF10
Relink_Apache_4_8,10.0,0.06900655593423542,NSVIF10
Relink_Apache_4_8,10.0,0.14951420452417674,NSVIF5
Relink_Apache_4_8,10.0,0.06900655593423542,SVIF2.5
Relink_Apache_4_8,10.0,0.19096396641051544,SVIF5
Relink_Apache_4_8,10.0,0.19096396641051544,SVIF4
Relink_Apache_4_8,10.0,0.08819171036881969,Default-PCA
Relink_Apache_4_8,10.0,0.14951420452417674,NSVIF4
Relink_Apache_4_8,10.0,0.19096396641051544,VCRR
Relink_Apache_8_8,10.0,0.32756920994133026,NSVIF2.5
Relink_Apache_8_8,10.0,0.5060480768510598,None
Relink_Apache_8_8,10.0,0.41773367652300253,SVIF10
Relink_Apache_8_8,10.0,0.5060480768510598,NSVIF10
Relink_Apache_8_8,10.0,0.41773367652300253,NSVIF5
Relink_Apache_8_8,10.0,0.5060480768510598,SVIF2.5
Relink_Apache_8_8,10.0,0.41773367652300253,SVIF5
Relink_Apache_8_8,10.0,0.41773367652300253,SVIF4
Relink_Apache_8_8,10.0,0.5060480768510598,Default-PCA
Relink_Apache_8_8,10.0,0.41773367652300253,NSVIF4
Relink_Apache_8_8,10.0,0.41773367652300253,VCRR
Relink_Apache_8_7,10.0,0.3615507630310936,NSVIF2.5
Relink_Apache_8_7,10.0,0.36666666666666664,None
Relink_Apache_8_7,10.0,0.5060480768510598,SVIF10
Relink_Apache_8_7,10.0,0.36666666666666664,NSVIF10
Relink_Apache_8_7,10.0,0.03580574370197164,NSVIF5
Relink_Apache_8_7,10.0,0.5060480768510598,SVIF2.5
Relink_Apache_8_7,10.0,0.5955432118425306,SVIF5
Relink_Apache_8_7,10.0,0.5955432118425306,SVIF4
Relink_Apache_8_7,10.0,0.26666666666666666,Default-PCA
Relink_Apache_8_7,10.0,0.03580574370197164,NSVIF4
Relink_Apache_8_7,10.0,0.14951420452417674,VCRR
Relink_Apache_9_6,10.0,0.36666666666666664,NSVIF2.5
Relink_Apache_9_6,10.0,0.2875273163926476,None
Relink_Apache_9_6,10.0,0.2875273163926476,SVIF10
Relink_Apache_9_6,10.0,0.4777777777777778,NSVIF10
Relink_Apache_9_6,10.0,0.26666666666666666,NSVIF5
Relink_Apache_9_6,10.0,0.2875273163926476,SVIF2.5
Relink_Apache_9_6,10.0,0.2875273163926476,SVIF5
Relink_Apache_9_6,10.0,0.2875273163926476,SVIF4
Relink_Apache_9_6,10.0,0.2875273163926476,Default-PCA
Relink_Apache_9_6,10.0,0.26666666666666666,NSVIF4
Relink_Apache_9_6,10.0,0.2875273163926476,VCRR
Relink_Apache_9_5,10.0,0.05555555555555555,NSVIF2.5
Relink_Apache_9_5,10.0,0.2875273163926476,None
Relink_Apache_9_5,10.0,0.05555555555555555,SVIF10
Relink_Apache_9_5,10.0,0.36666666666666664,NSVIF10
Relink_Apache_9_5,10.0,0.1685499656158105,NSVIF5
Relink_Apache_9_5,10.0,0.15555555555555556,SVIF2.5
Relink_Apache_9_5,10.0,0.05555555555555555,SVIF5
Relink_Apache_9_5,10.0,0.05555555555555555,SVIF4
Relink_Apache_9_5,10.0,0.1685499656158105,Default-PCA
Relink_Apache_9_5,10.0,0.1685499656158105,NSVIF4
Relink_Apache_9_5,10.0,0.1685499656158105,VCRR
Relink_Apache_9_4,10.0,0.4777777777777778,NSVIF2.5
Relink_Apache_9_4,10.0,0.2584432806109095,None
Relink_Apache_9_4,10.0,0.4777777777777778,SVIF10
Relink_Apache_9_4,10.0,0.4777777777777778,NSVIF10
Relink_Apache_9_4,10.0,0.4777777777777778,NSVIF5
Relink_Apache_9_4,10.0,0.4777777777777778,SVIF2.5
Relink_Apache_9_4,10.0,0.4777777777777778,SVIF5
Relink_Apache_9_4,10.0,0.4777777777777778,SVIF4
Relink_Apache_9_4,10.0,0.41773367652300253,Default-PCA
Relink_Apache_9_4,10.0,0.4777777777777778,NSVIF4
Relink_Apache_9_4,10.0,0.4777777777777778,VCRR
JIT_postgres_0_3,10.0,0.34650313136333477,None
JIT_postgres_0_3,10.0,0.3268423675839343,SVIF4
JIT_postgres_0_3,10.0,0.3249561530568326,SVIF10
JIT_postgres_0_3,10.0,0.2925031895274736,SVIF2.5
JIT_postgres_0_3,10.0,0.288702644564614,NSVIF4
JIT_postgres_0_3,10.0,0.3249561530568326,NSVIF10
JIT_postgres_0_3,10.0,0.2925031895274736,NSVIF5
JIT_postgres_0_3,10.0,0.3268423675839343,SVIF5
JIT_postgres_0_3,10.0,0.1910162388841185,NSVIF2.5
JIT_postgres_0_3,10.0,0.32472354121946373,VCRR
JIT_postgres_0_4,10.0,0.31523995054410314,None
JIT_postgres_0_4,10.0,0.28308849239229733,SVIF4
JIT_postgres_0_4,10.0,0.27740695902686924,SVIF10
JIT_postgres_0_4,10.0,0.24651503686058793,SVIF2.5
JIT_postgres_0_4,10.0,0.2526611183801464,NSVIF4
JIT_postgres_0_4,10.0,0.27740695902686924,NSVIF10
JIT_postgres_0_4,10.0,0.24651503686058793,NSVIF5
JIT_postgres_0_4,10.0,0.28308849239229733,SVIF5
JIT_postgres_0_4,10.0,0.18622735326668063,NSVIF2.5
JIT_postgres_0_4,10.0,0.2853172738705715,VCRR
JIT_postgres_5_2,10.0,0.35414558028232884,None
JIT_postgres_5_2,10.0,0.3179568198405676,SVIF4
JIT_postgres_5_2,10.0,0.3273991390330161,SVIF10
JIT_postgres_5_2,10.0,0.2796532001389579,SVIF2.5
JIT_postgres_5_2,10.0,0.27660595435074625,NSVIF4
JIT_postgres_5_2,10.0,0.3273991390330161,NSVIF10
JIT_postgres_5_2,10.0,0.2796532001389579,NSVIF5
JIT_postgres_5_2,10.0,0.3179568198405676,SVIF5
JIT_postgres_5_2,10.0,0.18767243101771341,NSVIF2.5
JIT_postgres_5_2,10.0,0.32052593609541186,VCRR
JIT_postgres_4_4,10.0,0.37102249544660165,None
JIT_postgres_4_4,10.0,0.33805858447826276,SVIF4
JIT_postgres_4_4,10.0,0.34436828434381717,SVIF10
JIT_postgres_4_4,10.0,0.34436828434381717,NSVIF10
JIT_postgres_4_4,10.0,0.33805858447826276,SVIF5
JIT_postgres_4_4,10.0,0.35304680287991386,VCRR
JIT_postgres_5_4,10.0,0.33949984479498097,None
JIT_postgres_5_4,10.0,0.3197745364570013,SVIF4
JIT_postgres_5_4,10.0,0.3281357554382318,SVIF10
JIT_postgres_5_4,10.0,0.24267108888124003,SVIF2.5
JIT_postgres_5_4,10.0,0.24887749526993197,NSVIF4
JIT_postgres_5_4,10.0,0.3281357554382318,NSVIF10
JIT_postgres_5_4,10.0,0.24267108888124003,NSVIF5
JIT_postgres_5_4,10.0,0.3197745364570013,SVIF5
JIT_postgres_5_4,10.0,0.18935711812340297,NSVIF2.5
JIT_postgres_5_4,10.0,0.32631217726412104,VCRR
JIT_postgres_6_0,10.0,0.32887793004673704,None
JIT_postgres_6_0,10.0,0.33002435249790696,SVIF4
JIT_postgres_6_0,10.0,0.3423031018254395,SVIF10
JIT_postgres_6_0,10.0,0.25910482873124824,SVIF2.5
JIT_postgres_6_0,10.0,0.25910482873124824,NSVIF4
JIT_postgres_6_0,10.0,0.3423031018254395,NSVIF10
JIT_postgres_6_0,10.0,0.25910482873124824,NSVIF5
JIT_postgres_6_0,10.0,0.33002435249790696,SVIF5
JIT_postgres_6_0,10.0,0.21662193636811042,NSVIF2.5
JIT_postgres_6_0,10.0,0.32970788387761724,VCRR
JIT_postgres_6_9,10.0,0.3090325356999805,None
JIT_postgres_6_9,10.0,0.3097684141072886,SVIF4
JIT_postgres_6_9,10.0,0.3057980938961683,SVIF10
JIT_postgres_6_9,10.0,0.24576185298111394,SVIF2.5
JIT_postgres_6_9,10.0,0.25178838903232237,NSVIF4
JIT_postgres_6_9,10.0,0.3057980938961683,NSVIF10
JIT_postgres_6_9,10.0,0.24576185298111394,NSVIF5
JIT_postgres_6_9,10.0,0.3097684141072886,SVIF5
JIT_postgres_6_9,10.0,0.2131044730438074,NSVIF2.5
JIT_postgres_6_9,10.0,0.31052215914667336,VCRR
JIT_postgres_5_3,10.0,0.2991902152150662,None
JIT_postgres_5_3,10.0,0.29085834160041424,SVIF4
JIT_postgres_5_3,10.0,0.28905249159417057,SVIF10
JIT_postgres_5_3,10.0,0.2610094134743959,SVIF2.5
JIT_postgres_5_3,10.0,0.24645115216947852,NSVIF4
JIT_postgres_5_3,10.0,0.28905249159417057,NSVIF10
JIT_postgres_5_3,10.0,0.2610094134743959,NSVIF5
JIT_postgres_5_3,10.0,0.29085834160041424,SVIF5
JIT_postgres_5_3,10.0,0.19075196271374192,NSVIF2.5
JIT_postgres_5_3,10.0,0.2833882472927767,VCRR
JIT_postgres_5_1,10.0,0.34503739377143544,None
JIT_postgres_5_1,10.0,0.32654330200710485,SVIF4
JIT_postgres_5_1,10.0,0.32604012828454126,SVIF10
JIT_postgres_5_1,10.0,0.2704294013782914,SVIF2.5
JIT_postgres_5_1,10.0,0.27262745435782654,NSVIF4
JIT_postgres_5_1,10.0,0.32604012828454126,NSVIF10
JIT_postgres_5_1,10.0,0.2704294013782914,NSVIF5
JIT_postgres_5_1,10.0,0.32654330200710485,SVIF5
JIT_postgres_5_1,10.0,0.20714186099266607,NSVIF2.5
JIT_postgres_5_1,10.0,0.33839304898341016,VCRR
JIT_postgres_9_2,10.0,0.36934517295673225,None
JIT_postgres_9_2,10.0,0.34727162938271866,SVIF4
JIT_postgres_9_2,10.0,0.3513330830189379,SVIF10
JIT_postgres_9_2,10.0,0.3020895000858373,SVIF2.5
JIT_postgres_9_2,10.0,0.30773985489434863,NSVIF4
JIT_postgres_9_2,10.0,0.3513330830189379,NSVIF10
JIT_postgres_9_2,10.0,0.3020895000858373,NSVIF5
JIT_postgres_9_2,10.0,0.34727162938271866,SVIF5
JIT_postgres_9_2,10.0,0.2091042148334882,NSVIF2.5
JIT_postgres_9_2,10.0,0.34274743916977546,VCRR
JIT_postgres_9_9,10.0,0.36270060665748943,None
JIT_postgres_9_9,10.0,0.34338930807718226,SVIF4
JIT_postgres_9_9,10.0,0.35208783108280595,SVIF10
JIT_postgres_9_9,10.0,0.29760847504751003,SVIF2.5
JIT_postgres_9_9,10.0,0.30796732959875284,NSVIF4
JIT_postgres_9_9,10.0,0.35208783108280595,NSVIF10
JIT_postgres_9_9,10.0,0.29760847504751003,NSVIF5
JIT_postgres_9_9,10.0,0.34338930807718226,SVIF5
JIT_postgres_9_9,10.0,0.22304114878369322,NSVIF2.5
JIT_postgres_9_9,10.0,0.3589726356741621,VCRR
JIT_postgres_9_1,10.0,0.3391039955199326,None
JIT_postgres_9_1,10.0,0.32576434009217886,SVIF4
JIT_postgres_9_1,10.0,0.3268686547893469,SVIF10
JIT_postgres_9_1,10.0,0.26857837272549856,SVIF2.5
JIT_postgres_9_1,10.0,0.26681886979080327,NSVIF4
JIT_postgres_9_1,10.0,0.3268686547893469,NSVIF10
JIT_postgres_9_1,10.0,0.26857837272549856,NSVIF5
JIT_postgres_9_1,10.0,0.32576434009217886,SVIF5
JIT_postgres_9_1,10.0,0.18095466778838848,NSVIF2.5
JIT_postgres_9_1,10.0,0.323814300321468,VCRR
