weka.classifiers.bayes.NaiveBayes,0.9611650485436893,0.9519230769230769,0.9565217391304348,0.8310439560439561,0.3576436129866819,0.9869942189842834,0.04807692307692308,0.5714285714285714,5.0,4.0,3.0,4.0,3.0,99.0,0.42857142857142855,0.9519230769230769,1,/home/eunjiwon/Git/MulticollinearityExpTool/cross_validation_data/NASA_pc1_VIF_STEPWISE_5_1_0.arff,SVIF5
weka.classifiers.bayes.NaiveBayes,0.9509803921568627,0.941747572815534,0.9463414634146341,0.5315533980582524,0.3000927897620361,0.9084331791283289,0.05825242718446602,0.625,6.0,5.0,3.0,5.0,3.0,97.0,0.375,0.941747572815534,1,/home/eunjiwon/Git/MulticollinearityExpTool/cross_validation_data/NASA_pc1_VIF_STEPWISE_5_0_3.arff,SVIF5
weka.classifiers.bayes.NaiveBayes,0.9423076923076923,0.9514563106796117,0.9468599033816425,0.7851941747572816,0.21432794135663968,0.9812600577964139,0.04854368932038835,0.75,5.0,6.0,2.0,6.0,2.0,98.0,0.25,0.9514563106796117,1,/home/eunjiwon/Git/MulticollinearityExpTool/cross_validation_data/NASA_pc1_VIF_STEPWISE_5_0_5.arff,SVIF5
weka.classifiers.bayes.NaiveBayes,0.9532710280373832,0.9807692307692307,0.966824644549763,0.8131868131868132,0.3475474895197784,0.9826192691733099,0.019230769230769232,0.7142857142857143,2.0,5.0,2.0,5.0,2.0,102.0,0.2857142857142857,0.9807692307692307,1,/home/eunjiwon/Git/MulticollinearityExpTool/cross_validation_data/NASA_pc1_VIF_STEPWISE_5_0_0.arff,SVIF5
weka.classifiers.bayes.NaiveBayes,0.9591836734693877,0.9038461538461539,0.9306930693069307,0.7692307692307693,0.2512840727149258,0.967860959332099,0.09615384615384616,0.5714285714285714,10.0,4.0,3.0,4.0,3.0,94.0,0.42857142857142855,0.9038461538461539,1,/home/eunjiwon/Git/MulticollinearityExpTool/cross_validation_data/NASA_pc1_VIF_STEPWISE_5_2_1.arff,SVIF5
weka.classifiers.bayes.NaiveBayes,0.9306930693069307,0.912621359223301,0.9215686274509804,0.6589805825242718,0.03398109748171346,0.9660863796961845,0.08737864077669903,0.875,9.0,7.0,1.0,7.0,1.0,94.0,0.125,0.912621359223301,1,/home/eunjiwon/Git/MulticollinearityExpTool/cross_validation_data/NASA_pc1_VIF_STEPWISE_5_1_3.arff,SVIF5
weka.classifiers.bayes.NaiveBayes,0.9578947368421052,0.883495145631068,0.9191919191919192,0.7985436893203883,0.28235903098926324,0.979148881399406,0.11650485436893204,0.5,12.0,4.0,4.0,4.0,4.0,91.0,0.5,0.883495145631068,1,/home/eunjiwon/Git/MulticollinearityExpTool/cross_validation_data/NASA_pc1_VIF_STEPWISE_5_1_7.arff,SVIF5
weka.classifiers.bayes.NaiveBayes,0.9509803921568627,0.941747572815534,0.9463414634146341,0.8033980582524272,0.3000927897620361,0.9797011308064799,0.05825242718446602,0.625,6.0,5.0,3.0,5.0,3.0,97.0,0.375,0.941747572815534,1,/home/eunjiwon/Git/MulticollinearityExpTool/cross_validation_data/NASA_pc1_VIF_STEPWISE_5_1_4.arff,SVIF5
weka.classifiers.bayes.NaiveBayes,0.9428571428571428,0.9611650485436893,0.951923076923077,0.8325242718446602,0.2414990172072478,0.986073249704976,0.038834951456310676,0.75,4.0,6.0,2.0,6.0,2.0,99.0,0.25,0.9611650485436893,1,/home/eunjiwon/Git/MulticollinearityExpTool/cross_validation_data/NASA_pc1_VIF_STEPWISE_5_2_3.arff,SVIF5
weka.classifiers.bayes.NaiveBayes,0.9514563106796117,0.9514563106796117,0.9514563106796117,0.7614424410540915,0.23717059639389737,0.9781387544976833,0.04854368932038835,0.7142857142857143,5.0,5.0,2.0,5.0,2.0,98.0,0.2857142857142857,0.9514563106796117,1,/home/eunjiwon/Git/MulticollinearityExpTool/cross_validation_data/NASA_pc1_VIF_STEPWISE_5_0_9.arff,SVIF5
weka.classifiers.bayes.NaiveBayes,0.97,0.941747572815534,0.9556650246305418,0.8883495145631068,0.49052024006508027,0.9899593618479055,0.05825242718446602,0.375,6.0,3.0,5.0,3.0,5.0,97.0,0.625,0.941747572815534,1,/home/eunjiwon/Git/MulticollinearityExpTool/cross_validation_data/NASA_pc1_VIF_STEPWISE_5_2_2.arff,SVIF5
weka.classifiers.bayes.NaiveBayes,0.9320388349514563,0.9320388349514563,0.9320388349514563,0.7936893203883495,0.05703883495145631,0.9829660002912837,0.06796116504854369,0.875,7.0,7.0,1.0,7.0,1.0,96.0,0.125,0.9320388349514563,1,/home/eunjiwon/Git/MulticollinearityExpTool/cross_validation_data/NASA_pc1_VIF_STEPWISE_5_1_2.arff,SVIF5
weka.classifiers.bayes.NaiveBayes,0.9607843137254902,0.9514563106796117,0.9560975609756097,0.7337031900138696,0.35722171493494076,0.975922413972593,0.04854368932038835,0.5714285714285714,5.0,4.0,3.0,4.0,3.0,98.0,0.42857142857142855,0.9514563106796117,1,/home/eunjiwon/Git/MulticollinearityExpTool/cross_validation_data/NASA_pc1_VIF_STEPWISE_5_1_9.arff,SVIF5
weka.classifiers.bayes.NaiveBayes,0.9489795918367347,0.8942307692307693,0.9207920792079209,0.7417582417582418,0.13602567572584826,0.9767138989200016,0.10576923076923077,0.7142857142857143,11.0,5.0,2.0,5.0,2.0,93.0,0.2857142857142857,0.8942307692307693,1,/home/eunjiwon/Git/MulticollinearityExpTool/cross_validation_data/NASA_pc1_VIF_STEPWISE_5_0_1.arff,SVIF5
weka.classifiers.bayes.NaiveBayes,0.9519230769230769,0.9519230769230769,0.9519230769230769,0.7912087912087912,0.23763736263736263,0.9811922796082325,0.04807692307692308,0.7142857142857143,5.0,5.0,2.0,5.0,2.0,99.0,0.2857142857142857,0.9519230769230769,1,/home/eunjiwon/Git/MulticollinearityExpTool/cross_validation_data/NASA_pc1_VIF_STEPWISE_5_1_1.arff,SVIF5
weka.classifiers.bayes.NaiveBayes,0.9345794392523364,0.970873786407767,0.9523809523809522,0.5679611650485437,0.1330275525375999,0.9493208911901981,0.02912621359223301,0.875,3.0,7.0,1.0,7.0,1.0,100.0,0.125,0.970873786407767,1,/home/eunjiwon/Git/MulticollinearityExpTool/cross_validation_data/NASA_pc1_VIF_STEPWISE_5_1_6.arff,SVIF5
weka.classifiers.bayes.NaiveBayes,0.9514563106796117,0.9514563106796117,0.9514563106796117,0.7317961165048543,0.32645631067961167,0.9683078725855669,0.04854368932038835,0.625,5.0,5.0,3.0,5.0,3.0,98.0,0.375,0.9514563106796117,1,/home/eunjiwon/Git/MulticollinearityExpTool/cross_validation_data/NASA_pc1_VIF_STEPWISE_5_0_2.arff,SVIF5
weka.classifiers.bayes.NaiveBayes,0.9519230769230769,0.9611650485436893,0.9565217391304348,0.6953883495145631,0.3576436129866819,0.9662513454921314,0.038834951456310676,0.625,4.0,5.0,3.0,5.0,3.0,99.0,0.375,0.9611650485436893,1,/home/eunjiwon/Git/MulticollinearityExpTool/cross_validation_data/NASA_pc1_VIF_STEPWISE_5_0_8.arff,SVIF5
weka.classifiers.bayes.NaiveBayes,0.9411764705882353,0.9320388349514563,0.9365853658536586,0.7572815533980582,0.17246712055289434,0.9751989737806146,0.06796116504854369,0.75,7.0,6.0,2.0,6.0,2.0,96.0,0.25,0.9320388349514563,1,/home/eunjiwon/Git/MulticollinearityExpTool/cross_validation_data/NASA_pc1_VIF_STEPWISE_5_2_4.arff,SVIF5
weka.classifiers.bayes.NaiveBayes,0.9519230769230769,0.9611650485436893,0.9565217391304348,0.7858009708737864,0.3576436129866819,0.9732205346595704,0.038834951456310676,0.625,4.0,5.0,3.0,5.0,3.0,99.0,0.375,0.9611650485436893,1,/home/eunjiwon/Git/MulticollinearityExpTool/cross_validation_data/NASA_pc1_VIF_STEPWISE_5_1_5.arff,SVIF5
weka.classifiers.bayes.NaiveBayes,0.9326923076923077,0.941747572815534,0.9371980676328503,0.7063106796116505,0.0710122697265975,0.9723703891654227,0.05825242718446602,0.875,6.0,7.0,1.0,7.0,1.0,97.0,0.125,0.941747572815534,1,/home/eunjiwon/Git/MulticollinearityExpTool/cross_validation_data/NASA_pc1_VIF_STEPWISE_5_0_7.arff,SVIF5
weka.classifiers.bayes.NaiveBayes,0.9444444444444444,0.9807692307692307,0.9622641509433962,0.695054945054945,0.1853123291652753,0.9641556483237314,0.019230769230769232,0.8571428571428571,2.0,6.0,1.0,6.0,1.0,102.0,0.14285714285714285,0.9807692307692307,1,/home/eunjiwon/Git/MulticollinearityExpTool/cross_validation_data/NASA_pc1_VIF_STEPWISE_5_2_0.arff,SVIF5
weka.classifiers.bayes.NaiveBayes,0.9313725490196079,0.9223300970873787,0.9268292682926829,0.6614077669902912,0.044841451343752524,0.9630281380984206,0.07766990291262135,0.875,8.0,7.0,1.0,7.0,1.0,95.0,0.125,0.9223300970873787,1,/home/eunjiwon/Git/MulticollinearityExpTool/cross_validation_data/NASA_pc1_VIF_STEPWISE_5_0_4.arff,SVIF5
weka.classifiers.bayes.NaiveBayes,0.94,0.912621359223301,0.9261083743842364,0.8288834951456311,0.14074884832702517,0.9857665737485344,0.08737864077669903,0.75,9.0,6.0,2.0,6.0,2.0,94.0,0.25,0.912621359223301,1,/home/eunjiwon/Git/MulticollinearityExpTool/cross_validation_data/NASA_pc1_VIF_STEPWISE_5_1_8.arff,SVIF5
weka.classifiers.bayes.NaiveBayes,0.9494949494949495,0.912621359223301,0.9306930693069307,0.8822815533980582,0.23953915866079425,0.9902957611307037,0.08737864077669903,0.625,9.0,5.0,3.0,5.0,3.0,94.0,0.375,0.912621359223301,1,/home/eunjiwon/Git/MulticollinearityExpTool/cross_validation_data/NASA_pc1_VIF_STEPWISE_5_0_6.arff,SVIF5
weka.classifiers.bayes.NaiveBayes,0.9326923076923077,0.941747572815534,0.9371980676328503,0.6856796116504854,0.0710122697265975,0.9649153167483178,0.05825242718446602,0.875,6.0,7.0,1.0,7.0,1.0,97.0,0.125,0.941747572815534,1,/home/eunjiwon/Git/MulticollinearityExpTool/cross_validation_data/NASA_pc1_VIF_STEPWISE_5_4_3.arff,SVIF5
weka.classifiers.bayes.NaiveBayes,0.9489795918367347,0.9029126213592233,0.9253731343283583,0.787621359223301,0.22350495850575192,0.980529896095961,0.0970873786407767,0.625,10.0,5.0,3.0,5.0,3.0,93.0,0.375,0.9029126213592233,1,/home/eunjiwon/Git/MulticollinearityExpTool/cross_validation_data/NASA_pc1_VIF_STEPWISE_5_3_5.arff,SVIF5
weka.classifiers.bayes.NaiveBayes,0.9523809523809523,0.970873786407767,0.9615384615384616,0.8847087378640777,0.39555873508083694,0.990621769587579,0.02912621359223301,0.625,3.0,5.0,3.0,5.0,3.0,100.0,0.375,0.970873786407767,1,/home/eunjiwon/Git/MulticollinearityExpTool/cross_validation_data/NASA_pc1_VIF_STEPWISE_5_3_6.arff,SVIF5
weka.classifiers.bayes.NaiveBayes,0.9411764705882353,0.9320388349514563,0.9365853658536586,0.7439320388349514,0.17246712055289434,0.9724001761530509,0.06796116504854369,0.75,7.0,6.0,2.0,6.0,2.0,96.0,0.25,0.9320388349514563,1,/home/eunjiwon/Git/MulticollinearityExpTool/cross_validation_data/NASA_pc1_VIF_STEPWISE_5_3_8.arff,SVIF5
weka.classifiers.bayes.NaiveBayes,0.9411764705882353,0.9320388349514563,0.9365853658536586,0.5497572815533981,0.17246712055289434,0.9072526496240474,0.06796116504854369,0.75,7.0,6.0,2.0,6.0,2.0,96.0,0.25,0.9320388349514563,1,/home/eunjiwon/Git/MulticollinearityExpTool/cross_validation_data/NASA_pc1_VIF_STEPWISE_5_2_8.arff,SVIF5
weka.classifiers.bayes.NaiveBayes,0.9439252336448598,0.9805825242718447,0.9619047619047619,0.6990291262135923,0.31993968331827827,0.9680103909865827,0.019417475728155338,0.75,2.0,6.0,2.0,6.0,2.0,101.0,0.25,0.9805825242718447,1,/home/eunjiwon/Git/MulticollinearityExpTool/cross_validation_data/NASA_pc1_VIF_STEPWISE_5_2_5.arff,SVIF5
weka.classifiers.bayes.NaiveBayes,0.9423076923076923,0.9514563106796117,0.9468599033816425,0.7694174757281553,0.21432794135663968,0.9793906611472829,0.04854368932038835,0.75,5.0,6.0,2.0,6.0,2.0,98.0,0.25,0.9514563106796117,1,/home/eunjiwon/Git/MulticollinearityExpTool/cross_validation_data/NASA_pc1_VIF_STEPWISE_5_4_7.arff,SVIF5
weka.classifiers.bayes.NaiveBayes,0.9607843137254902,0.9514563106796117,0.9560975609756097,0.8555825242718447,0.42771845897117794,0.9873605168486997,0.04854368932038835,0.5,5.0,4.0,4.0,4.0,4.0,98.0,0.5,0.9514563106796117,1,/home/eunjiwon/Git/MulticollinearityExpTool/cross_validation_data/NASA_pc1_VIF_STEPWISE_5_4_8.arff,SVIF5
weka.classifiers.bayes.NaiveBayes,0.9494949494949495,0.912621359223301,0.9306930693069307,0.6953883495145631,0.23953915866079425,0.9675755608333434,0.08737864077669903,0.625,9.0,5.0,3.0,5.0,3.0,94.0,0.375,0.912621359223301,1,/home/eunjiwon/Git/MulticollinearityExpTool/cross_validation_data/NASA_pc1_VIF_STEPWISE_5_2_7.arff,SVIF5
weka.classifiers.bayes.NaiveBayes,0.9494949494949495,0.9038461538461539,0.9261083743842364,0.7623626373626373,0.1483901850515964,0.9801289438988832,0.09615384615384616,0.7142857142857143,10.0,5.0,2.0,5.0,2.0,94.0,0.2857142857142857,0.9038461538461539,1,/home/eunjiwon/Git/MulticollinearityExpTool/cross_validation_data/NASA_pc1_VIF_STEPWISE_5_3_0.arff,SVIF5
weka.classifiers.bayes.NaiveBayes,0.9509803921568627,0.941747572815534,0.9463414634146341,0.8410194174757282,0.3000927897620361,0.9861317056693433,0.05825242718446602,0.625,6.0,5.0,3.0,5.0,3.0,97.0,0.375,0.941747572815534,1,/home/eunjiwon/Git/MulticollinearityExpTool/cross_validation_data/NASA_pc1_VIF_STEPWISE_5_4_6.arff,SVIF5
weka.classifiers.bayes.NaiveBayes,0.9423076923076923,0.9514563106796117,0.9468599033816425,0.625,0.21432794135663968,0.9505892079420456,0.04854368932038835,0.75,5.0,6.0,2.0,6.0,2.0,98.0,0.25,0.9514563106796117,1,/home/eunjiwon/Git/MulticollinearityExpTool/cross_validation_data/NASA_pc1_VIF_STEPWISE_5_3_4.arff,SVIF5
weka.classifiers.bayes.NaiveBayes,0.9405940594059405,0.9223300970873787,0.9313725490196079,0.45145631067961167,0.15565534975494555,0.8827719903027059,0.07766990291262135,0.75,8.0,6.0,2.0,6.0,2.0,95.0,0.25,0.9223300970873787,1,/home/eunjiwon/Git/MulticollinearityExpTool/cross_validation_data/NASA_pc1_VIF_STEPWISE_5_4_4.arff,SVIF5
weka.classifiers.bayes.NaiveBayes,0.9509803921568627,0.941747572815534,0.9463414634146341,0.7481796116504854,0.3000927897620361,0.9734651415657675,0.05825242718446602,0.625,6.0,5.0,3.0,5.0,3.0,97.0,0.375,0.941747572815534,1,/home/eunjiwon/Git/MulticollinearityExpTool/cross_validation_data/NASA_pc1_VIF_STEPWISE_5_3_2.arff,SVIF5
weka.classifiers.bayes.NaiveBayes,0.9333333333333333,0.9423076923076923,0.937799043062201,0.5604395604395604,-0.062017367294604234,0.9528185756920207,0.057692307692307696,1.0,6.0,7.0,0.0,7.0,0.0,98.0,0.0,0.9423076923076923,1,/home/eunjiwon/Git/MulticollinearityExpTool/cross_validation_data/NASA_pc1_VIF_STEPWISE_5_4_1.arff,SVIF5
weka.classifiers.bayes.NaiveBayes,0.95,0.9134615384615384,0.9313725490196078,0.7870879120879121,0.1620339316470319,0.9836212366139654,0.08653846153846154,0.7142857142857143,9.0,5.0,2.0,5.0,2.0,95.0,0.2857142857142857,0.9134615384615384,1,/home/eunjiwon/Git/MulticollinearityExpTool/cross_validation_data/NASA_pc1_VIF_STEPWISE_5_3_1.arff,SVIF5
weka.classifiers.bayes.NaiveBayes,0.9523809523809523,0.970873786407767,0.9615384615384616,0.808252427184466,0.39555873508083694,0.9824981482986875,0.02912621359223301,0.625,3.0,5.0,3.0,5.0,3.0,100.0,0.375,0.970873786407767,1,/home/eunjiwon/Git/MulticollinearityExpTool/cross_validation_data/NASA_pc1_VIF_STEPWISE_5_2_6.arff,SVIF5
weka.classifiers.bayes.NaiveBayes,0.9541284403669725,1.0,0.9765258215962441,0.8818681318681318,0.5221188809257284,0.991345735095662,0.0,0.7142857142857143,0.0,5.0,2.0,5.0,2.0,104.0,0.2857142857142857,1.0,1,/home/eunjiwon/Git/MulticollinearityExpTool/cross_validation_data/NASA_pc1_VIF_STEPWISE_5_4_0.arff,SVIF5
weka.classifiers.bayes.NaiveBayes,0.9405940594059405,0.9223300970873787,0.9313725490196079,0.7766990291262136,0.05805615692471771,0.9826113314963153,0.07766990291262135,0.8571428571428571,8.0,6.0,1.0,6.0,1.0,95.0,0.14285714285714285,0.9223300970873787,1,/home/eunjiwon/Git/MulticollinearityExpTool/cross_validation_data/NASA_pc1_VIF_STEPWISE_5_4_9.arff,SVIF5
weka.classifiers.bayes.NaiveBayes,0.9702970297029703,0.9514563106796117,0.9607843137254902,0.7870145631067961,0.5206781065746418,0.9738840956938911,0.04854368932038835,0.375,5.0,3.0,5.0,3.0,5.0,98.0,0.625,0.9514563106796117,1,/home/eunjiwon/Git/MulticollinearityExpTool/cross_validation_data/NASA_pc1_VIF_STEPWISE_5_4_5.arff,SVIF5
weka.classifiers.bayes.NaiveBayes,0.9333333333333333,0.9514563106796117,0.9423076923076923,0.6881067961165048,0.0874392993336587,0.9682832164766013,0.04854368932038835,0.875,5.0,7.0,1.0,7.0,1.0,98.0,0.125,0.9514563106796117,1,/home/eunjiwon/Git/MulticollinearityExpTool/cross_validation_data/NASA_pc1_VIF_STEPWISE_5_3_3.arff,SVIF5
weka.classifiers.bayes.NaiveBayes,0.95,0.9223300970873787,0.9359605911330049,0.7697642163661581,0.17665406143151552,0.9777904755057156,0.07766990291262135,0.7142857142857143,8.0,5.0,2.0,5.0,2.0,95.0,0.2857142857142857,0.9223300970873787,1,/home/eunjiwon/Git/MulticollinearityExpTool/cross_validation_data/NASA_pc1_VIF_STEPWISE_5_3_9.arff,SVIF5
weka.classifiers.bayes.NaiveBayes,0.9292929292929293,0.8932038834951457,0.9108910891089108,0.5790568654646324,-0.08689787431778351,0.9569437123151946,0.10679611650485436,1.0,11.0,7.0,0.0,7.0,0.0,92.0,0.0,0.8932038834951457,1,/home/eunjiwon/Git/MulticollinearityExpTool/cross_validation_data/NASA_pc1_VIF_STEPWISE_5_2_9.arff,SVIF5
weka.classifiers.bayes.NaiveBayes,0.9387755102040817,0.8932038834951457,0.9154228855721394,0.7135922330097088,0.11516849390252719,0.9721007622194499,0.10679611650485436,0.75,11.0,6.0,2.0,6.0,2.0,92.0,0.25,0.8932038834951457,1,/home/eunjiwon/Git/MulticollinearityExpTool/cross_validation_data/NASA_pc1_VIF_STEPWISE_5_4_2.arff,SVIF5
weka.classifiers.bayes.NaiveBayes,0.9528301886792453,0.9805825242718447,0.9665071770334929,0.8046116504854369,0.4433697711665131,0.9798113730196036,0.019417475728155338,0.625,2.0,5.0,3.0,5.0,3.0,101.0,0.375,0.9805825242718447,1,/home/eunjiwon/Git/MulticollinearityExpTool/cross_validation_data/NASA_pc1_VIF_STEPWISE_5_3_7.arff,SVIF5
weka.classifiers.bayes.NaiveBayes,0.9494949494949495,0.912621359223301,0.9306930693069307,0.7245145631067961,0.23953915866079425,0.9667958414858636,0.08737864077669903,0.625,9.0,5.0,3.0,5.0,3.0,94.0,0.375,0.912621359223301,1,/home/eunjiwon/Git/MulticollinearityExpTool/cross_validation_data/NASA_pc1_VIF_STEPWISE_5_5_4.arff,SVIF5
weka.classifiers.bayes.NaiveBayes,0.9519230769230769,0.9519230769230769,0.9519230769230769,0.7239010989010989,0.23763736263736263,0.9736644334698016,0.04807692307692308,0.7142857142857143,5.0,5.0,2.0,5.0,2.0,99.0,0.2857142857142857,0.9519230769230769,1,/home/eunjiwon/Git/MulticollinearityExpTool/cross_validation_data/NASA_pc1_VIF_STEPWISE_5_5_1.arff,SVIF5
weka.classifiers.bayes.NaiveBayes,0.9494949494949495,0.912621359223301,0.9306930693069307,0.7851941747572816,0.23953915866079425,0.9795688030760861,0.08737864077669903,0.625,9.0,5.0,3.0,5.0,3.0,94.0,0.375,0.912621359223301,1,/home/eunjiwon/Git/MulticollinearityExpTool/cross_validation_data/NASA_pc1_VIF_STEPWISE_5_5_3.arff,SVIF5
weka.classifiers.bayes.NaiveBayes,0.9504950495049505,0.9320388349514563,0.9411764705882353,0.5631067961165048,0.1939322688761847,0.926461210025432,0.06796116504854369,0.7142857142857143,7.0,5.0,2.0,5.0,2.0,96.0,0.2857142857142857,0.9320388349514563,1,/home/eunjiwon/Git/MulticollinearityExpTool/cross_validation_data/NASA_pc1_VIF_STEPWISE_5_5_9.arff,SVIF5
weka.classifiers.bayes.NaiveBayes,0.9326923076923077,0.9326923076923077,0.9326923076923077,0.5851648351648352,-0.0673076923076923,0.9617366189444209,0.0673076923076923,1.0,7.0,7.0,0.0,7.0,0.0,97.0,0.0,0.9326923076923077,1,/home/eunjiwon/Git/MulticollinearityExpTool/cross_validation_data/NASA_pc1_VIF_STEPWISE_5_5_0.arff,SVIF5
weka.classifiers.bayes.NaiveBayes,0.9433962264150944,0.9615384615384616,0.9523809523809524,0.760989010989011,0.12235168868737654,0.9796141469686483,0.038461538461538464,0.8571428571428571,4.0,6.0,1.0,6.0,1.0,100.0,0.14285714285714285,0.9615384615384616,1,/home/eunjiwon/Git/MulticollinearityExpTool/cross_validation_data/NASA_pc1_VIF_STEPWISE_5_6_1.arff,SVIF5
weka.classifiers.bayes.NaiveBayes,0.95,0.9223300970873787,0.9359605911330049,0.7973300970873787,0.2573393122397102,0.9812845633288669,0.07766990291262135,0.625,8.0,5.0,3.0,5.0,3.0,95.0,0.375,0.9223300970873787,1,/home/eunjiwon/Git/MulticollinearityExpTool/cross_validation_data/NASA_pc1_VIF_STEPWISE_5_6_2.arff,SVIF5
weka.classifiers.bayes.NaiveBayes,0.9603960396039604,0.941747572815534,0.9509803921568628,0.9059466019417476,0.3990038543014097,0.9919017132170335,0.05825242718446602,0.5,6.0,4.0,4.0,4.0,4.0,97.0,0.5,0.941747572815534,1,/home/eunjiwon/Git/MulticollinearityExpTool/cross_validation_data/NASA_pc1_VIF_STEPWISE_5_5_5.arff,SVIF5
weka.classifiers.bayes.NaiveBayes,0.9393939393939394,0.9029126213592233,0.9207920792079209,0.5716019417475728,0.12734993245257414,0.9127103146840565,0.0970873786407767,0.75,10.0,6.0,2.0,6.0,2.0,93.0,0.25,0.9029126213592233,1,/home/eunjiwon/Git/MulticollinearityExpTool/cross_validation_data/NASA_pc1_VIF_STEPWISE_5_6_5.arff,SVIF5
weka.classifiers.bayes.NaiveBayes,0.9439252336448598,0.9805825242718447,0.9619047619047619,0.758495145631068,0.31993968331827827,0.9737157669073808,0.019417475728155338,0.75,2.0,6.0,2.0,6.0,2.0,101.0,0.25,0.9805825242718447,1,/home/eunjiwon/Git/MulticollinearityExpTool/cross_validation_data/NASA_pc1_VIF_STEPWISE_5_5_2.arff,SVIF5
weka.classifiers.bayes.NaiveBayes,0.9428571428571428,0.9611650485436893,0.951923076923077,0.7609223300970874,0.2414990172072478,0.9779840955642695,0.038834951456310676,0.75,4.0,6.0,2.0,6.0,2.0,99.0,0.25,0.9611650485436893,1,/home/eunjiwon/Git/MulticollinearityExpTool/cross_validation_data/NASA_pc1_VIF_STEPWISE_5_6_6.arff,SVIF5
weka.classifiers.bayes.NaiveBayes,0.9519230769230769,0.9519230769230769,0.9519230769230769,0.8475274725274725,0.23763736263736263,0.9891858003408243,0.04807692307692308,0.7142857142857143,5.0,5.0,2.0,5.0,2.0,99.0,0.2857142857142857,0.9519230769230769,1,/home/eunjiwon/Git/MulticollinearityExpTool/cross_validation_data/NASA_pc1_VIF_STEPWISE_5_7_1.arff,SVIF5
weka.classifiers.bayes.NaiveBayes,0.9423076923076923,0.9514563106796117,0.9468599033816425,0.6456310679611651,0.21432794135663968,0.9562217665570752,0.04854368932038835,0.75,5.0,6.0,2.0,6.0,2.0,98.0,0.25,0.9514563106796117,1,/home/eunjiwon/Git/MulticollinearityExpTool/cross_validation_data/NASA_pc1_VIF_STEPWISE_5_5_6.arff,SVIF5
weka.classifiers.bayes.NaiveBayes,0.9433962264150944,0.970873786407767,0.9569377990430622,0.7366504854368932,0.27540374864268047,0.9717072318376706,0.02912621359223301,0.75,3.0,6.0,2.0,6.0,2.0,100.0,0.25,0.970873786407767,1,/home/eunjiwon/Git/MulticollinearityExpTool/cross_validation_data/NASA_pc1_VIF_STEPWISE_5_5_7.arff,SVIF5
weka.classifiers.bayes.NaiveBayes,0.9523809523809523,0.970873786407767,0.9615384615384616,0.6893203883495146,0.30069377982253215,0.9723688943424911,0.02912621359223301,0.7142857142857143,3.0,5.0,2.0,5.0,2.0,100.0,0.2857142857142857,0.970873786407767,1,/home/eunjiwon/Git/MulticollinearityExpTool/cross_validation_data/NASA_pc1_VIF_STEPWISE_5_6_9.arff,SVIF5
weka.classifiers.bayes.NaiveBayes,0.9595959595959596,0.9134615384615384,0.9359605911330049,0.6888736263736264,0.26774750781048917,0.9678511136524377,0.08653846153846154,0.5714285714285714,9.0,4.0,3.0,4.0,3.0,95.0,0.42857142857142855,0.9134615384615384,1,/home/eunjiwon/Git/MulticollinearityExpTool/cross_validation_data/NASA_pc1_VIF_STEPWISE_5_6_0.arff,SVIF5
weka.classifiers.bayes.NaiveBayes,0.9504950495049505,0.9320388349514563,0.9411764705882353,0.8325242718446602,0.27732960202817764,0.985654156052177,0.06796116504854369,0.625,7.0,5.0,3.0,5.0,3.0,96.0,0.375,0.9320388349514563,1,/home/eunjiwon/Git/MulticollinearityExpTool/cross_validation_data/NASA_pc1_VIF_STEPWISE_5_5_8.arff,SVIF5
weka.classifiers.bayes.NaiveBayes,0.94,0.912621359223301,0.9261083743842364,0.758495145631068,0.14074884832702517,0.9779216253863687,0.08737864077669903,0.75,9.0,6.0,2.0,6.0,2.0,94.0,0.25,0.912621359223301,1,/home/eunjiwon/Git/MulticollinearityExpTool/cross_validation_data/NASA_pc1_VIF_STEPWISE_5_6_8.arff,SVIF5
weka.classifiers.bayes.NaiveBayes,0.9405940594059405,0.9223300970873787,0.9313725490196079,0.7669902912621359,0.15565534975494555,0.9742558752510686,0.07766990291262135,0.75,8.0,6.0,2.0,6.0,2.0,95.0,0.25,0.9223300970873787,1,/home/eunjiwon/Git/MulticollinearityExpTool/cross_validation_data/NASA_pc1_VIF_STEPWISE_5_6_4.arff,SVIF5
weka.classifiers.bayes.NaiveBayes,0.9523809523809523,0.970873786407767,0.9615384615384616,0.7912621359223301,0.39555873508083694,0.9782317507211713,0.02912621359223301,0.625,3.0,5.0,3.0,5.0,3.0,100.0,0.375,0.970873786407767,1,/home/eunjiwon/Git/MulticollinearityExpTool/cross_validation_data/NASA_pc1_VIF_STEPWISE_5_6_7.arff,SVIF5
weka.classifiers.bayes.NaiveBayes,0.94,0.912621359223301,0.9261083743842364,0.7063106796116505,0.14074884832702517,0.967717234027627,0.08737864077669903,0.75,9.0,6.0,2.0,6.0,2.0,94.0,0.25,0.912621359223301,1,/home/eunjiwon/Git/MulticollinearityExpTool/cross_validation_data/NASA_pc1_VIF_STEPWISE_5_6_3.arff,SVIF5
weka.classifiers.bayes.NaiveBayes,0.9619047619047619,0.9711538461538461,0.9665071770334929,0.728021978021978,0.42969175911261503,0.9663253658749908,0.028846153846153848,0.5714285714285714,3.0,4.0,3.0,4.0,3.0,101.0,0.42857142857142855,0.9711538461538461,1,/home/eunjiwon/Git/MulticollinearityExpTool/cross_validation_data/NASA_pc1_VIF_STEPWISE_5_7_0.arff,SVIF5
weka.classifiers.bayes.NaiveBayes,0.9306930693069307,0.912621359223301,0.9215686274509804,0.6432038834951457,0.03398109748171346,0.9616256781858226,0.08737864077669903,0.875,9.0,7.0,1.0,7.0,1.0,94.0,0.125,0.912621359223301,1,/home/eunjiwon/Git/MulticollinearityExpTool/cross_validation_data/NASA_pc1_VIF_STEPWISE_5_7_3.arff,SVIF5
weka.classifiers.bayes.NaiveBayes,0.9433962264150944,0.970873786407767,0.9569377990430622,0.7475728155339806,0.27540374864268047,0.9762464882240478,0.02912621359223301,0.75,3.0,6.0,2.0,6.0,2.0,100.0,0.25,0.970873786407767,1,/home/eunjiwon/Git/MulticollinearityExpTool/cross_validation_data/NASA_pc1_VIF_STEPWISE_5_7_2.arff,SVIF5
weka.classifiers.bayes.NaiveBayes,0.9504950495049505,0.9320388349514563,0.9411764705882353,0.7827669902912622,0.27732960202817764,0.9765031479193655,0.06796116504854369,0.625,7.0,5.0,3.0,5.0,3.0,96.0,0.375,0.9320388349514563,1,/home/eunjiwon/Git/MulticollinearityExpTool/cross_validation_data/NASA_pc1_VIF_STEPWISE_5_7_4.arff,SVIF5
weka.classifiers.bayes.NaiveBayes,0.9405940594059405,0.9223300970873787,0.9313725490196079,0.7099514563106796,0.15565534975494555,0.9693506097772373,0.07766990291262135,0.75,8.0,6.0,2.0,6.0,2.0,95.0,0.25,0.9223300970873787,1,/home/eunjiwon/Git/MulticollinearityExpTool/cross_validation_data/NASA_pc1_VIF_STEPWISE_5_7_5.arff,SVIF5
weka.classifiers.bayes.NaiveBayes,0.9607843137254902,0.9514563106796117,0.9560975609756097,0.7961165048543689,0.42771845897117794,0.980403394226589,0.04854368932038835,0.5,5.0,4.0,4.0,4.0,4.0,98.0,0.5,0.9514563106796117,1,/home/eunjiwon/Git/MulticollinearityExpTool/cross_validation_data/NASA_pc1_VIF_STEPWISE_5_7_6.arff,SVIF5
weka.classifiers.bayes.NaiveBayes,0.9405940594059405,0.9223300970873787,0.9313725490196079,0.6953883495145631,0.15565534975494555,0.969115866316397,0.07766990291262135,0.75,8.0,6.0,2.0,6.0,2.0,95.0,0.25,0.9223300970873787,1,/home/eunjiwon/Git/MulticollinearityExpTool/cross_validation_data/NASA_pc1_VIF_STEPWISE_5_7_7.arff,SVIF5
weka.classifiers.bayes.NaiveBayes,0.9611650485436893,0.9519230769230769,0.9565217391304348,0.6964285714285714,0.3576436129866819,0.970021996464069,0.04807692307692308,0.5714285714285714,5.0,4.0,3.0,4.0,3.0,99.0,0.42857142857142855,0.9519230769230769,1,/home/eunjiwon/Git/MulticollinearityExpTool/cross_validation_data/NASA_pc1_VIF_STEPWISE_5_8_1.arff,SVIF5
weka.classifiers.bayes.NaiveBayes,0.9509803921568627,0.941747572815534,0.9463414634146341,0.8228155339805825,0.3000927897620361,0.9826279491147196,0.05825242718446602,0.625,6.0,5.0,3.0,5.0,3.0,97.0,0.375,0.941747572815534,1,/home/eunjiwon/Git/MulticollinearityExpTool/cross_validation_data/NASA_pc1_VIF_STEPWISE_5_7_8.arff,SVIF5
weka.classifiers.bayes.NaiveBayes,0.95,0.9223300970873787,0.9359605911330049,0.808252427184466,0.2573393122397102,0.97713108249852,0.07766990291262135,0.625,8.0,5.0,3.0,5.0,3.0,95.0,0.375,0.9223300970873787,1,/home/eunjiwon/Git/MulticollinearityExpTool/cross_validation_data/NASA_pc1_VIF_STEPWISE_5_8_7.arff,SVIF5
weka.classifiers.bayes.NaiveBayes,0.9333333333333333,0.9514563106796117,0.9423076923076923,0.7742718446601942,0.0874392993336587,0.9756439277008648,0.04854368932038835,0.875,5.0,7.0,1.0,7.0,1.0,98.0,0.125,0.9514563106796117,1,/home/eunjiwon/Git/MulticollinearityExpTool/cross_validation_data/NASA_pc1_VIF_STEPWISE_5_8_6.arff,SVIF5
weka.classifiers.bayes.NaiveBayes,0.9514563106796117,0.9423076923076923,0.9468599033816425,0.6909340659340659,0.21432794135663968,0.9717030069954199,0.057692307692307696,0.7142857142857143,6.0,5.0,2.0,5.0,2.0,98.0,0.2857142857142857,0.9423076923076923,1,/home/eunjiwon/Git/MulticollinearityExpTool/cross_validation_data/NASA_pc1_VIF_STEPWISE_5_8_0.arff,SVIF5
weka.classifiers.bayes.NaiveBayes,0.9405940594059405,0.9223300970873787,0.9313725490196079,0.6421636615811374,0.05805615692471771,0.9654400188240211,0.07766990291262135,0.8571428571428571,8.0,6.0,1.0,6.0,1.0,95.0,0.14285714285714285,0.9223300970873787,1,/home/eunjiwon/Git/MulticollinearityExpTool/cross_validation_data/NASA_pc1_VIF_STEPWISE_5_7_9.arff,SVIF5
weka.classifiers.bayes.NaiveBayes,0.9494949494949495,0.912621359223301,0.9306930693069307,0.7560679611650486,0.23953915866079425,0.9745045116519426,0.08737864077669903,0.625,9.0,5.0,3.0,5.0,3.0,94.0,0.375,0.912621359223301,1,/home/eunjiwon/Git/MulticollinearityExpTool/cross_validation_data/NASA_pc1_VIF_STEPWISE_5_8_4.arff,SVIF5
weka.classifiers.bayes.NaiveBayes,0.9411764705882353,0.9320388349514563,0.9365853658536586,0.8058252427184466,0.17246712055289434,0.982921249462442,0.06796116504854369,0.75,7.0,6.0,2.0,6.0,2.0,96.0,0.25,0.9320388349514563,1,/home/eunjiwon/Git/MulticollinearityExpTool/cross_validation_data/NASA_pc1_VIF_STEPWISE_5_8_2.arff,SVIF5
weka.classifiers.bayes.NaiveBayes,0.9504950495049505,0.9320388349514563,0.9411764705882353,0.7815533980582524,0.27732960202817764,0.9801594845468012,0.06796116504854369,0.625,7.0,5.0,3.0,5.0,3.0,96.0,0.375,0.9320388349514563,1,/home/eunjiwon/Git/MulticollinearityExpTool/cross_validation_data/NASA_pc1_VIF_STEPWISE_5_9_3.arff,SVIF5
weka.classifiers.bayes.NaiveBayes,0.9405940594059405,0.9134615384615384,0.926829268292683,0.6881868131868132,0.047814264556874514,0.9692610732423463,0.08653846153846154,0.8571428571428571,9.0,6.0,1.0,6.0,1.0,95.0,0.14285714285714285,0.9134615384615384,1,/home/eunjiwon/Git/MulticollinearityExpTool/cross_validation_data/NASA_pc1_VIF_STEPWISE_5_9_0.arff,SVIF5
weka.classifiers.bayes.NaiveBayes,0.9595959595959596,0.9223300970873787,0.9405940594059405,0.8968446601941747,0.3517283848690143,0.9907635092944043,0.07766990291262135,0.5,8.0,4.0,4.0,4.0,4.0,95.0,0.5,0.9223300970873787,1,/home/eunjiwon/Git/MulticollinearityExpTool/cross_validation_data/NASA_pc1_VIF_STEPWISE_5_9_6.arff,SVIF5
weka.classifiers.bayes.NaiveBayes,0.9345794392523364,0.970873786407767,0.9523809523809522,0.6080097087378641,0.1330275525375999,0.9563746792952397,0.02912621359223301,0.875,3.0,7.0,1.0,7.0,1.0,100.0,0.125,0.970873786407767,1,/home/eunjiwon/Git/MulticollinearityExpTool/cross_validation_data/NASA_pc1_VIF_STEPWISE_5_9_5.arff,SVIF5
weka.classifiers.bayes.NaiveBayes,0.941747572815534,0.941747572815534,0.941747572815534,0.5995145631067961,0.19174757281553398,0.9504764550280976,0.05825242718446602,0.75,6.0,6.0,2.0,6.0,2.0,97.0,0.25,0.941747572815534,1,/home/eunjiwon/Git/MulticollinearityExpTool/cross_validation_data/NASA_pc1_VIF_STEPWISE_5_9_7.arff,SVIF5
weka.classifiers.bayes.NaiveBayes,0.9433962264150944,0.970873786407767,0.9569377990430622,0.7487864077669902,0.27540374864268047,0.973340625998111,0.02912621359223301,0.75,3.0,6.0,2.0,6.0,2.0,100.0,0.25,0.970873786407767,1,/home/eunjiwon/Git/MulticollinearityExpTool/cross_validation_data/NASA_pc1_VIF_STEPWISE_5_9_4.arff,SVIF5
weka.classifiers.bayes.NaiveBayes,0.9428571428571428,0.9519230769230769,0.9473684210526315,0.7376373626373627,0.10188567484113552,0.9780774629154754,0.04807692307692308,0.8571428571428571,5.0,6.0,1.0,6.0,1.0,99.0,0.14285714285714285,0.9519230769230769,1,/home/eunjiwon/Git/MulticollinearityExpTool/cross_validation_data/NASA_pc1_VIF_STEPWISE_5_9_1.arff,SVIF5
weka.classifiers.bayes.NaiveBayes,0.9428571428571428,0.9611650485436893,0.951923076923077,0.616504854368932,0.2414990172072478,0.9579783912853244,0.038834951456310676,0.75,4.0,6.0,2.0,6.0,2.0,99.0,0.25,0.9611650485436893,1,/home/eunjiwon/Git/MulticollinearityExpTool/cross_validation_data/NASA_pc1_VIF_STEPWISE_5_8_5.arff,SVIF5
weka.classifiers.bayes.NaiveBayes,0.9519230769230769,0.9611650485436893,0.9565217391304348,0.7536407766990292,0.3576436129866819,0.9505088026061717,0.038834951456310676,0.625,4.0,5.0,3.0,5.0,3.0,99.0,0.375,0.9611650485436893,1,/home/eunjiwon/Git/MulticollinearityExpTool/cross_validation_data/NASA_pc1_VIF_STEPWISE_5_8_8.arff,SVIF5
weka.classifiers.bayes.NaiveBayes,0.9285714285714286,0.883495145631068,0.9054726368159205,0.7105582524271845,0.00683202929930246,0.9747354090545514,0.11650485436893204,0.875,12.0,7.0,1.0,7.0,1.0,91.0,0.125,0.883495145631068,1,/home/eunjiwon/Git/MulticollinearityExpTool/cross_validation_data/NASA_pc1_VIF_STEPWISE_5_8_3.arff,SVIF5
weka.classifiers.bayes.NaiveBayes,0.9622641509433962,0.9902912621359223,0.9760765550239234,0.7697642163661581,0.5462058941081995,0.9722727888150936,0.009708737864077669,0.5714285714285714,1.0,4.0,3.0,4.0,3.0,102.0,0.42857142857142855,0.9902912621359223,1,/home/eunjiwon/Git/MulticollinearityExpTool/cross_validation_data/NASA_pc1_VIF_STEPWISE_5_8_9.arff,SVIF5
weka.classifiers.bayes.NaiveBayes,0.9494949494949495,0.912621359223301,0.9306930693069307,0.7742718446601942,0.23953915866079425,0.9725224601510376,0.08737864077669903,0.625,9.0,5.0,3.0,5.0,3.0,94.0,0.375,0.912621359223301,1,/home/eunjiwon/Git/MulticollinearityExpTool/cross_validation_data/NASA_pc1_VIF_STEPWISE_5_9_2.arff,SVIF5
weka.classifiers.bayes.NaiveBayes,0.9622641509433962,0.9902912621359223,0.9760765550239234,0.8228155339805825,0.6113357936903457,0.983640582301646,0.009708737864077669,0.5,1.0,4.0,4.0,4.0,4.0,102.0,0.5,0.9902912621359223,1,/home/eunjiwon/Git/MulticollinearityExpTool/cross_validation_data/NASA_pc1_VIF_STEPWISE_5_9_8.arff,SVIF5
weka.classifiers.bayes.NaiveBayes,0.9504950495049505,0.9320388349514563,0.9411764705882353,0.8349514563106796,0.1939322688761847,0.9872797565865176,0.06796116504854369,0.7142857142857143,7.0,5.0,2.0,5.0,2.0,96.0,0.2857142857142857,0.9320388349514563,1,/home/eunjiwon/Git/MulticollinearityExpTool/cross_validation_data/NASA_pc1_VIF_STEPWISE_5_9_9.arff,SVIF5
